<?xml version="1.0" encoding="UTF-8"?>
<GenRun Id="impl_1" LaunchPart="xc7a35tcpg236-1" LaunchTime="1661418804">
  <File Type="ROUTE-PWR" Name="Basys3_Abacus_Top_power_routed.rpt"/>
  <File Type="PA-TCL" Name="Basys3_Abacus_Top.tcl"/>
  <File Type="ROUTE-PWR-SUM" Name="Basys3_Abacus_Top_power_summary_routed.pb"/>
  <File Type="REPORTS-TCL" Name="Basys3_Abacus_Top_reports.tcl"/>
  <File Type="BITSTR-MSK" Name="Basys3_Abacus_Top.msk"/>
  <File Type="ROUTE-CLK" Name="Basys3_Abacus_Top_clock_utilization_routed.rpt"/>
  <File Type="RDI-RDI" Name="Basys3_Abacus_Top.vdi"/>
  <File Type="BG-BIT" Name="Basys3_Abacus_Top.bit"/>
  <File Type="BG-DRC" Name="Basys3_Abacus_Top.drc"/>
  <File Type="BG-BGN" Name="Basys3_Abacus_Top.bgn"/>
  <File Type="BG-BIN" Name="Basys3_Abacus_Top.bin"/>
  <File Type="BITSTR-RBT" Name="Basys3_Abacus_Top.rbt"/>
  <File Type="BITSTR-NKY" Name="Basys3_Abacus_Top.nky"/>
  <File Type="BITSTR-BMM" Name="Basys3_Abacus_Top_bd.bmm"/>
  <File Type="BITSTR-MMI" Name="Basys3_Abacus_Top.mmi"/>
  <File Type="ROUTE-METHODOLOGY-DRC" Name="Basys3_Abacus_Top_methodology_drc_routed.rpt"/>
  <File Type="BITSTR-SYSDEF" Name="Basys3_Abacus_Top.sysdef"/>
  <File Type="BITSTR-LTX" Name="debug_nets.ltx"/>
  <File Type="BITSTR-LTX" Name="Basys3_Abacus_Top.ltx"/>
  <File Type="WBT-USG" Name="usage_statistics_webtalk.html"/>
  <File Type="OPT-DRC" Name="Basys3_Abacus_Top_drc_opted.rpt"/>
  <File Type="OPT-HWDEF" Name="Basys3_Abacus_Top.hwdef"/>
  <File Type="PLACE-IO" Name="Basys3_Abacus_Top_io_placed.rpt"/>
  <File Type="PLACE-UTIL" Name="Basys3_Abacus_Top_utilization_placed.rpt"/>
  <File Type="PLACE-UTIL-PB" Name="Basys3_Abacus_Top_utilization_placed.pb"/>
  <File Type="PLACE-CTRL" Name="Basys3_Abacus_Top_control_sets_placed.rpt"/>
  <File Type="PLACE-PRE-SIMILARITY" Name="Basys3_Abacus_Top_incremental_reuse_pre_placed.rpt"/>
  <File Type="ROUTE-DRC" Name="Basys3_Abacus_Top_drc_routed.rpt"/>
  <File Type="ROUTE-DRC-PB" Name="Basys3_Abacus_Top_drc_routed.pb"/>
  <File Type="ROUTE-PWR-RPX" Name="Basys3_Abacus_Top_power_routed.rpx"/>
  <File Type="ROUTE-STATUS" Name="Basys3_Abacus_Top_route_status.rpt"/>
  <File Type="ROUTE-STATUS-PB" Name="Basys3_Abacus_Top_route_status.pb"/>
  <File Type="ROUTE-DCP" Name="Basys3_Abacus_Top_routed.dcp"/>
  <File Type="ROUTE-ERROR-DCP" Name="Basys3_Abacus_Top_routed_error.dcp"/>
  <File Type="ROUTE-BLACKBOX-DCP" Name="Basys3_Abacus_Top_routed_bb.dcp"/>
  <File Type="ROUTE-TIMINGSUMMARY" Name="Basys3_Abacus_Top_timing_summary_routed.rpt"/>
  <File Type="ROUTE-TIMING-PB" Name="Basys3_Abacus_Top_timing_summary_routed.pb"/>
  <File Type="ROUTE-TIMING-RPX" Name="Basys3_Abacus_Top_timing_summary_routed.rpx"/>
  <File Type="ROUTE-BUS-SKEW" Name="Basys3_Abacus_Top_bus_skew_routed.rpt"/>
  <File Type="ROUTE-BUS-SKEW-PB" Name="Basys3_Abacus_Top_bus_skew_routed.pb"/>
  <File Type="ROUTE-BUS-SKEW-RPX" Name="Basys3_Abacus_Top_bus_skew_routed.rpx"/>
  <File Type="OPT-DCP" Name="Basys3_Abacus_Top_opt.dcp"/>
  <File Type="PLACE-DCP" Name="Basys3_Abacus_Top_placed.dcp"/>
  <File Type="PWROPT-DCP" Name="Basys3_Abacus_Top_pwropt.dcp"/>
  <File Type="POSTPLACE-PWROPT-DCP" Name="Basys3_Abacus_Top_postplace_pwropt.dcp"/>
  <File Type="PHYSOPT-DCP" Name="Basys3_Abacus_Top_physopt.dcp"/>
  <File Type="POSTROUTE-PHYSOPT-DCP" Name="Basys3_Abacus_Top_postroute_physopt.dcp"/>
  <File Type="POSTROUTE-PHYSOPT-BLACKBOX-DCP" Name="Basys3_Abacus_Top_postroute_physopt_bb.dcp"/>
  <File Type="ROUTE-METHODOLOGY-DRC-PB" Name="Basys3_Abacus_Top_methodology_drc_routed.pb"/>
  <File Type="ROUTE-DRC-RPX" Name="Basys3_Abacus_Top_drc_routed.rpx"/>
  <File Type="ROUTE-METHODOLOGY-DRC-RPX" Name="Basys3_Abacus_Top_methodology_drc_routed.rpx"/>
  <File Type="PDI-FILE" Name="Basys3_Abacus_Top.pdi"/>
  <File Type="RCFI_FILE" Name="Basys3_Abacus_Top.rcfi"/>
  <File Type="CFI_FILE" Name="Basys3_Abacus_Top.cfi"/>
  <File Type="RNPI_FILE" Name="Basys3_Abacus_Top.rnpi"/>
  <File Type="NPI_FILE" Name="Basys3_Abacus_Top.npi"/>
  <File Type="RBD_FILE" Name="Basys3_Abacus_Top.rbd"/>
  <File Type="ROUTE-RQS" Name="Basys3_Abacus_Top_routed.rqs"/>
  <File Type="POSTROUTE-PHYSOPT-RQS" Name="Basys3_Abacus_Top_postroute_physopted.rqs"/>
  <File Type="ROUTE-RQS-RPT" Name="route_report_qor_suggestions_0.rpt"/>
  <File Type="POSTROUTE-PHYSOPT-RQS-RPT" Name="postroute_physopt_report_qor_suggestions_0.rpt"/>
  <FileSet Name="sources" Type="DesignSrcs" RelSrcDir="$PSRCDIR/sources_1" RelGenDir="$PGENDIR/sources_1">
    <Filter Type="Srcs"/>
    <File Path="$PSRCDIR/sources_1/imports/hdl/Adder_Subtractor.v">
      <FileInfo>
        <Attr Name="ImportPath" Val="D:/WorkBORI/Basys-3/hw/src/hdl/Adder_Subtractor.v"/>
        <Attr Name="ImportTime" Val="1661415091"/>
        <Attr Name="UsedIn" Val="synthesis"/>
        <Attr Name="UsedIn" Val="implementation"/>
        <Attr Name="UsedIn" Val="simulation"/>
      </FileInfo>
    </File>
    <File Path="$PSRCDIR/sources_1/imports/hdl/Binary_to_BCD_B1_bcdout1.v">
      <FileInfo>
        <Attr Name="ImportPath" Val="D:/WorkBORI/Basys-3/hw/src/hdl/Binary_to_BCD_B1_bcdout1.v"/>
        <Attr Name="ImportTime" Val="1661415091"/>
        <Attr Name="UsedIn" Val="synthesis"/>
        <Attr Name="UsedIn" Val="implementation"/>
        <Attr Name="UsedIn" Val="simulation"/>
      </FileInfo>
    </File>
    <File Path="$PSRCDIR/sources_1/imports/hdl/Binary_to_BCD_B2_bcdout2.v">
      <FileInfo>
        <Attr Name="ImportPath" Val="D:/WorkBORI/Basys-3/hw/src/hdl/Binary_to_BCD_B2_bcdout2.v"/>
        <Attr Name="ImportTime" Val="1661415091"/>
        <Attr Name="UsedIn" Val="synthesis"/>
        <Attr Name="UsedIn" Val="implementation"/>
        <Attr Name="UsedIn" Val="simulation"/>
      </FileInfo>
    </File>
    <File Path="$PSRCDIR/sources_1/imports/hdl/Binary_to_BCD_B_bcdout.v">
      <FileInfo>
        <Attr Name="ImportPath" Val="D:/WorkBORI/Basys-3/hw/src/hdl/Binary_to_BCD_B_bcdout.v"/>
        <Attr Name="ImportTime" Val="1661415091"/>
        <Attr Name="UsedIn" Val="synthesis"/>
        <Attr Name="UsedIn" Val="implementation"/>
        <Attr Name="UsedIn" Val="simulation"/>
      </FileInfo>
    </File>
    <File Path="$PSRCDIR/sources_1/imports/hdl/Display_QU.v">
      <FileInfo>
        <Attr Name="ImportPath" Val="D:/WorkBORI/Basys-3/hw/src/hdl/Display_QU.v"/>
        <Attr Name="ImportTime" Val="1661415091"/>
        <Attr Name="UsedIn" Val="synthesis"/>
        <Attr Name="UsedIn" Val="implementation"/>
        <Attr Name="UsedIn" Val="simulation"/>
      </FileInfo>
    </File>
    <File Path="$PSRCDIR/sources_1/imports/hdl/Display_REM.v">
      <FileInfo>
        <Attr Name="ImportPath" Val="D:/WorkBORI/Basys-3/hw/src/hdl/Display_REM.v"/>
        <Attr Name="ImportTime" Val="1661415091"/>
        <Attr Name="UsedIn" Val="synthesis"/>
        <Attr Name="UsedIn" Val="implementation"/>
        <Attr Name="UsedIn" Val="simulation"/>
      </FileInfo>
    </File>
    <File Path="$PSRCDIR/sources_1/imports/hdl/Divider.v">
      <FileInfo>
        <Attr Name="ImportPath" Val="D:/WorkBORI/Basys-3/hw/src/hdl/Divider.v"/>
        <Attr Name="ImportTime" Val="1661415091"/>
        <Attr Name="UsedIn" Val="synthesis"/>
        <Attr Name="UsedIn" Val="implementation"/>
        <Attr Name="UsedIn" Val="simulation"/>
      </FileInfo>
    </File>
    <File Path="$PSRCDIR/sources_1/imports/hdl/Seg_7_Display.v">
      <FileInfo>
        <Attr Name="ImportPath" Val="D:/WorkBORI/Basys-3/hw/src/hdl/Seg_7_Display.v"/>
        <Attr Name="ImportTime" Val="1661415091"/>
        <Attr Name="UsedIn" Val="synthesis"/>
        <Attr Name="UsedIn" Val="implementation"/>
        <Attr Name="UsedIn" Val="simulation"/>
      </FileInfo>
    </File>
    <File Path="$PSRCDIR/sources_1/imports/hdl/Segment_Scroll.v">
      <FileInfo>
        <Attr Name="ImportPath" Val="D:/WorkBORI/Basys-3/hw/src/hdl/Segment_Scroll.v"/>
        <Attr Name="ImportTime" Val="1661415091"/>
        <Attr Name="UsedIn" Val="synthesis"/>
        <Attr Name="UsedIn" Val="implementation"/>
        <Attr Name="UsedIn" Val="simulation"/>
      </FileInfo>
    </File>
    <File Path="$PSRCDIR/sources_1/imports/hdl/multi_4_4_pp0.v">
      <FileInfo>
        <Attr Name="ImportPath" Val="D:/WorkBORI/Basys-3/hw/src/hdl/multi_4_4_pp0.v"/>
        <Attr Name="ImportTime" Val="1661415091"/>
        <Attr Name="UsedIn" Val="synthesis"/>
        <Attr Name="UsedIn" Val="implementation"/>
        <Attr Name="UsedIn" Val="simulation"/>
      </FileInfo>
    </File>
    <File Path="$PSRCDIR/sources_1/imports/hdl/multi_4_4_pp1.v">
      <FileInfo>
        <Attr Name="ImportPath" Val="D:/WorkBORI/Basys-3/hw/src/hdl/multi_4_4_pp1.v"/>
        <Attr Name="ImportTime" Val="1661415091"/>
        <Attr Name="UsedIn" Val="synthesis"/>
        <Attr Name="UsedIn" Val="implementation"/>
        <Attr Name="UsedIn" Val="simulation"/>
      </FileInfo>
    </File>
    <File Path="$PSRCDIR/sources_1/imports/hdl/multi_4_4_pp2.v">
      <FileInfo>
        <Attr Name="ImportPath" Val="D:/WorkBORI/Basys-3/hw/src/hdl/multi_4_4_pp2.v"/>
        <Attr Name="ImportTime" Val="1661415091"/>
        <Attr Name="UsedIn" Val="synthesis"/>
        <Attr Name="UsedIn" Val="implementation"/>
        <Attr Name="UsedIn" Val="simulation"/>
      </FileInfo>
    </File>
    <File Path="$PSRCDIR/sources_1/imports/hdl/multi_4_4_pp3.v">
      <FileInfo>
        <Attr Name="ImportPath" Val="D:/WorkBORI/Basys-3/hw/src/hdl/multi_4_4_pp3.v"/>
        <Attr Name="ImportTime" Val="1661415091"/>
        <Attr Name="UsedIn" Val="synthesis"/>
        <Attr Name="UsedIn" Val="implementation"/>
        <Attr Name="UsedIn" Val="simulation"/>
      </FileInfo>
    </File>
    <File Path="$PSRCDIR/sources_1/imports/hdl/Basys3_Abacus_Top.v">
      <FileInfo>
        <Attr Name="ImportPath" Val="D:/WorkBORI/Basys-3/hw/src/hdl/Basys3_Abacus_Top.v"/>
        <Attr Name="ImportTime" Val="1661415091"/>
        <Attr Name="UsedIn" Val="synthesis"/>
        <Attr Name="UsedIn" Val="implementation"/>
        <Attr Name="UsedIn" Val="simulation"/>
      </FileInfo>
    </File>
    <Config>
      <Option Name="DesignMode" Val="RTL"/>
      <Option Name="TopModule" Val="Basys3_Abacus_Top"/>
      <Option Name="TopAutoSet" Val="TRUE"/>
    </Config>
  </FileSet>
  <FileSet Name="constrs_in" Type="Constrs" RelSrcDir="$PSRCDIR/constrs_1">
    <Filter Type="Constrs"/>
    <File Path="$PSRCDIR/constrs_1/imports/constraints/Basys3_Master.xdc">
      <FileInfo>
        <Attr Name="ImportPath" Val="D:/WorkBORI/Basys-3/hw/src/constraints/Basys3_Master.xdc"/>
        <Attr Name="ImportTime" Val="1661415091"/>
        <Attr Name="UsedIn" Val="synthesis"/>
        <Attr Name="UsedIn" Val="implementation"/>
      </FileInfo>
    </File>
    <Config>
      <Option Name="ConstrsType" Val="XDC"/>
    </Config>
  </FileSet>
  <FileSet Name="utils" Type="Utils" RelSrcDir="$PSRCDIR/utils_1">
    <Filter Type="Utils"/>
    <Config>
      <Option Name="TopAutoSet" Val="TRUE"/>
    </Config>
  </FileSet>
  <Strategy Version="1" Minor="2">
    <StratHandle Name="Vivado Implementation Defaults" Flow="Vivado Implementation 2022"/>
    <Step Id="init_design"/>
    <Step Id="opt_design"/>
    <Step Id="power_opt_design"/>
    <Step Id="place_design"/>
    <Step Id="post_place_power_opt_design"/>
    <Step Id="phys_opt_design"/>
    <Step Id="route_design"/>
    <Step Id="post_route_phys_opt_design"/>
    <Step Id="write_bitstream"/>
    <Step Id="write_device_image"/>
  </Strategy>
</GenRun>
