<?xml version="1.0" encoding="UTF-8"?>
<GenRun Id="synth_1" LaunchPart="xc7a35tcpg236-1" LaunchTime="1661434748">
  <File Type="PA-TCL" Name="XADCdemo.tcl"/>
  <File Type="REPORTS-TCL" Name="XADCdemo_reports.tcl"/>
  <File Type="RDS-RDS" Name="XADCdemo.vds"/>
  <File Type="RDS-UTIL" Name="XADCdemo_utilization_synth.rpt"/>
  <File Type="RDS-UTIL-PB" Name="XADCdemo_utilization_synth.pb"/>
  <File Type="RDS-DCP" Name="XADCdemo.dcp"/>
  <FileSet Name="sources" Type="DesignSrcs" RelSrcDir="$PSRCDIR/sources_1" RelGenDir="$PGENDIR/sources_1">
    <Filter Type="Srcs"/>
    <File Path="$PSRCDIR/sources_1/ip/xadc_wiz_0/xadc_wiz_0.xci">
      <FileInfo>
        <Attr Name="ImportPath" Val="D:/WorkBORI/Basys-3/hw/src/ip/xadc_wiz_0/xadc_wiz_0.xci"/>
        <Attr Name="ImportTime" Val="1661435049"/>
        <Attr Name="UsedIn" Val="synthesis"/>
        <Attr Name="UsedIn" Val="implementation"/>
        <Attr Name="UsedIn" Val="simulation"/>
      </FileInfo>
    </File>
    <File Path="$PSRCDIR/sources_1/imports/hdl/DigitToSeg.v">
      <FileInfo>
        <Attr Name="ImportPath" Val="D:/WorkBORI/Basys-3/hw/src/hdl/DigitToSeg.v"/>
        <Attr Name="ImportTime" Val="1661428542"/>
        <Attr Name="UsedIn" Val="synthesis"/>
        <Attr Name="UsedIn" Val="implementation"/>
        <Attr Name="UsedIn" Val="simulation"/>
      </FileInfo>
    </File>
    <File Path="$PSRCDIR/sources_1/imports/hdl/bin2dec.v">
      <FileInfo>
        <Attr Name="ImportPath" Val="D:/WorkBORI/Basys-3/hw/src/hdl/bin2dec.v"/>
        <Attr Name="ImportTime" Val="1661428542"/>
        <Attr Name="UsedIn" Val="synthesis"/>
        <Attr Name="UsedIn" Val="implementation"/>
        <Attr Name="UsedIn" Val="simulation"/>
      </FileInfo>
    </File>
    <File Path="$PSRCDIR/sources_1/imports/hdl/counter3bit.v">
      <FileInfo>
        <Attr Name="ImportPath" Val="D:/WorkBORI/Basys-3/hw/src/hdl/counter3bit.v"/>
        <Attr Name="ImportTime" Val="1661428542"/>
        <Attr Name="UsedIn" Val="synthesis"/>
        <Attr Name="UsedIn" Val="implementation"/>
        <Attr Name="UsedIn" Val="simulation"/>
      </FileInfo>
    </File>
    <File Path="$PSRCDIR/sources_1/imports/hdl/decoder3_8.v">
      <FileInfo>
        <Attr Name="ImportPath" Val="D:/WorkBORI/Basys-3/hw/src/hdl/decoder3_8.v"/>
        <Attr Name="ImportTime" Val="1661428542"/>
        <Attr Name="UsedIn" Val="synthesis"/>
        <Attr Name="UsedIn" Val="implementation"/>
        <Attr Name="UsedIn" Val="simulation"/>
      </FileInfo>
    </File>
    <File Path="$PSRCDIR/sources_1/imports/hdl/mux4_4bus.v">
      <FileInfo>
        <Attr Name="ImportPath" Val="D:/WorkBORI/Basys-3/hw/src/hdl/mux4_4bus.v"/>
        <Attr Name="ImportTime" Val="1661428542"/>
        <Attr Name="UsedIn" Val="synthesis"/>
        <Attr Name="UsedIn" Val="implementation"/>
        <Attr Name="UsedIn" Val="simulation"/>
      </FileInfo>
    </File>
    <File Path="$PSRCDIR/sources_1/imports/hdl/segClkDevider.v">
      <FileInfo>
        <Attr Name="ImportPath" Val="D:/WorkBORI/Basys-3/hw/src/hdl/segClkDevider.v"/>
        <Attr Name="ImportTime" Val="1661428542"/>
        <Attr Name="UsedIn" Val="synthesis"/>
        <Attr Name="UsedIn" Val="implementation"/>
        <Attr Name="UsedIn" Val="simulation"/>
      </FileInfo>
    </File>
    <File Path="$PSRCDIR/sources_1/imports/hdl/sevensegdecoder.v">
      <FileInfo>
        <Attr Name="ImportPath" Val="D:/WorkBORI/Basys-3/hw/src/hdl/sevensegdecoder.v"/>
        <Attr Name="ImportTime" Val="1661428542"/>
        <Attr Name="UsedIn" Val="synthesis"/>
        <Attr Name="UsedIn" Val="implementation"/>
        <Attr Name="UsedIn" Val="simulation"/>
      </FileInfo>
    </File>
    <File Path="$PSRCDIR/sources_1/imports/hdl/XADCdemo.v">
      <FileInfo>
        <Attr Name="ImportPath" Val="D:/WorkBORI/Basys-3/hw/src/hdl/XADCdemo.v"/>
        <Attr Name="ImportTime" Val="1661428542"/>
        <Attr Name="UsedIn" Val="synthesis"/>
        <Attr Name="UsedIn" Val="implementation"/>
        <Attr Name="UsedIn" Val="simulation"/>
      </FileInfo>
    </File>
    <Config>
      <Option Name="DesignMode" Val="RTL"/>
      <Option Name="TopModule" Val="XADCdemo"/>
      <Option Name="TopAutoSet" Val="TRUE"/>
    </Config>
  </FileSet>
  <FileSet Name="constrs_in" Type="Constrs" RelSrcDir="$PSRCDIR/constrs_1">
    <Filter Type="Constrs"/>
    <File Path="$PSRCDIR/constrs_1/imports/constraints/Basys3_Master.xdc">
      <FileInfo>
        <Attr Name="ImportPath" Val="D:/WorkBORI/Basys-3/hw/src/constraints/Basys3_Master.xdc"/>
        <Attr Name="ImportTime" Val="1661433446"/>
        <Attr Name="UsedIn" Val="synthesis"/>
        <Attr Name="UsedIn" Val="implementation"/>
      </FileInfo>
    </File>
    <Config>
      <Option Name="ConstrsType" Val="XDC"/>
    </Config>
  </FileSet>
  <FileSet Name="utils" Type="Utils" RelSrcDir="$PSRCDIR/utils_1">
    <Filter Type="Utils"/>
    <Config>
      <Option Name="TopAutoSet" Val="TRUE"/>
    </Config>
  </FileSet>
  <Strategy Version="1" Minor="2">
    <StratHandle Name="Vivado Synthesis Defaults" Flow="Vivado Synthesis 2022"/>
    <Step Id="synth_design"/>
  </Strategy>
</GenRun>
