<?xml version="1.0" encoding="UTF-8"?>
<GenRun Id="impl_1" LaunchPart="xc7a35tcpg236-1" LaunchTime="1755168873">
  <File Type="REPORTS-TCL" Name="top_reports.tcl"/>
  <File Type="ROUTE-PWR-SUM" Name="top_power_summary_routed.pb"/>
  <File Type="BITSTR-MMI" Name="top.mmi"/>
  <File Type="OPT-DRC" Name="top_drc_opted.rpt"/>
  <File Type="BG-DRC" Name="top.drc"/>
  <File Type="ROUTE-STATUS-PB" Name="top_route_status.pb"/>
  <File Type="BG-BGN" Name="top.bgn"/>
  <File Type="PLACE-UTIL" Name="top_utilization_placed.rpt"/>
  <File Type="PLACE-UTIL-PB" Name="top_utilization_placed.pb"/>
  <File Type="PLACE-IO" Name="top_io_placed.rpt"/>
  <File Type="BG-BIN" Name="top.bin"/>
  <File Type="PLACE-CTRL" Name="top_control_sets_placed.rpt"/>
  <File Type="ROUTE-PWR-RPX" Name="top_power_routed.rpx"/>
  <File Type="BITSTR-MSK" Name="top.msk"/>
  <File Type="BITSTR-RBT" Name="top.rbt"/>
  <File Type="ROUTE-TIMINGSUMMARY" Name="top_timing_summary_routed.rpt"/>
  <File Type="ROUTE-TIMING-RPX" Name="top_timing_summary_routed.rpx"/>
  <File Type="ROUTE-STATUS" Name="top_route_status.rpt"/>
  <File Type="PA-TCL" Name="top.tcl"/>
  <File Type="ROUTE-PWR" Name="top_power_routed.rpt"/>
  <File Type="ROUTE-DRC" Name="top_drc_routed.rpt"/>
  <File Type="ROUTE-DRC-RPX" Name="top_drc_routed.rpx"/>
  <File Type="ROUTE-DRC-PB" Name="top_drc_routed.pb"/>
  <File Type="BITSTR-SYSDEF" Name="top.sysdef"/>
  <File Type="ROUTE-METHODOLOGY-DRC" Name="top_methodology_drc_routed.rpt"/>
  <File Type="ROUTE-METHODOLOGY-DRC-RPX" Name="top_methodology_drc_routed.rpx"/>
  <File Type="BITSTR-LTX" Name="debug_nets.ltx"/>
  <File Type="BITSTR-LTX" Name="top.ltx"/>
  <File Type="ROUTE-METHODOLOGY-DRC-PB" Name="top_methodology_drc_routed.pb"/>
  <File Type="ROUTE-SIMILARITY" Name="top_incremental_reuse_routed.rpt"/>
  <File Type="RDI-RDI" Name="top.vdi"/>
  <File Type="ROUTE-CLK" Name="top_clock_utilization_routed.rpt"/>
  <File Type="ROUTE-BUS-SKEW" Name="top_bus_skew_routed.rpt"/>
  <File Type="ROUTE-BUS-SKEW-RPX" Name="top_bus_skew_routed.rpx"/>
  <File Type="ROUTE-BUS-SKEW-PB" Name="top_bus_skew_routed.pb"/>
  <File Type="POSTROUTE-PHYSOPT-TIMING" Name="top_timing_summary_postroute_physopted.rpt"/>
  <File Type="POSTROUTE-PHYSOPT-TIMING-RPX" Name="top_timing_summary_postroute_physopted.rpx"/>
  <File Type="POSTROUTE-PHYSOPT-TIMING-PB" Name="top_timing_summary_postroute_physopted.pb"/>
  <File Type="POSTROUTE-PHYSOPT-BUS-SKEW" Name="top_bus_skew_postroute_physopted.rpt"/>
  <File Type="POSTROUTE-PHYSOPT-BUS-SKEW-RPX" Name="top_bus_skew_postroute_physopted.rpx"/>
  <File Type="BG-BIT" Name="top.bit"/>
  <File Type="POSTROUTE-PHYSOPT-BUS-SKEW-PB" Name="top_bus_skew_postroute_physopted.pb"/>
  <File Type="BITSTR-NKY" Name="top.nky"/>
  <File Type="BITSTR-BMM" Name="top_bd.bmm"/>
  <File Type="WBT-USG" Name="usage_statistics_webtalk.html"/>
  <File Type="OPT-HWDEF" Name="top.hwdef"/>
  <File Type="PLACE-PRE-SIMILARITY" Name="top_incremental_reuse_pre_placed.rpt"/>
  <File Type="ROUTE-DCP" Name="top_routed.dcp"/>
  <File Type="ROUTE-ERROR-DCP" Name="top_routed_error.dcp"/>
  <File Type="ROUTE-BLACKBOX-DCP" Name="top_routed_bb.dcp"/>
  <File Type="ROUTE-TIMING-PB" Name="top_timing_summary_routed.pb"/>
  <File Type="OPT-DCP" Name="top_opt.dcp"/>
  <File Type="PLACE-DCP" Name="top_placed.dcp"/>
  <File Type="PWROPT-DCP" Name="top_pwropt.dcp"/>
  <File Type="POSTPLACE-PWROPT-DCP" Name="top_postplace_pwropt.dcp"/>
  <File Type="PHYSOPT-DCP" Name="top_physopt.dcp"/>
  <File Type="POSTROUTE-PHYSOPT-DCP" Name="top_postroute_physopt.dcp"/>
  <File Type="POSTROUTE-PHYSOPT-BLACKBOX-DCP" Name="top_postroute_physopt_bb.dcp"/>
  <File Type="PDI-FILE" Name="top.pdi"/>
  <File Type="BOOT-PDI-FILE" Name="top_boot.pdi"/>
  <File Type="PL-PDI-FILE" Name="top_pld.pdi"/>
  <File Type="RCFI_FILE" Name="top.rcfi"/>
  <File Type="CFI_FILE" Name="top.cfi"/>
  <File Type="RNPI_FILE" Name="top.rnpi"/>
  <File Type="NPI_FILE" Name="top.npi"/>
  <File Type="RBD_FILE" Name="top.rbd"/>
  <File Type="ROUTE-RQS" Name="top_routed.rqs"/>
  <File Type="POSTROUTE-PHYSOPT-RQS" Name="top_postroute_physopted.rqs"/>
  <File Type="ROUTE-RQS-RPT" Name="route_report_qor_suggestions_0.rpt"/>
  <File Type="POSTROUTE-PHYSOPT-RQS-RPT" Name="postroute_physopt_report_qor_suggestions_0.rpt"/>
  <File Type="MMI-FILE" Name="top.mmi"/>
  <File Type="BIF-FILE" Name="top.bif"/>
  <File Type="BOOT-BIF-FILE" Name="top_boot.bif"/>
  <File Type="PL-BIF-FILE" Name="top_pld.bif"/>
  <File Type="LTX-FILE" Name="top.ltx"/>
  <File Type="BOOT-LTX-FILE" Name="top_boot.ltx"/>
  <File Type="PL-LTX-FILE" Name="top_pld.ltx"/>
  <File Type="RCDO-FILE" Name="top.rcdo"/>
  <File Type="MARKER-RCDO-FILE" Name="top_markers.rcdo"/>
  <File Type="PL-RCDO-FILE" Name="top_pld.rcdo"/>
  <File Type="MARKER-RNPI-FILE" Name="top_markers.rnpi"/>
  <File Type="BOOT_RNPI_FILE" Name="top_boot.rnpi"/>
  <File Type="PL_RNPI_FILE" Name="top_pld.rnpi"/>
  <File Type="BOOT_MARKER_RNPI_FILE" Name="top_boot_markers.rnpi"/>
  <File Type="PL_MARKER_RNPI_FILE" Name="top_pld_markers.rnpi"/>
  <File Type="PL_MASK_RNPI_FILE" Name="top_pld_mask.rnpi"/>
  <File Type="PL_SHUTDOWN_RNPI_FILE" Name="top_pld_shutdown.rnpi"/>
  <File Type="PL_UNMASK_RNPI_FILE" Name="top_pld_unmask.rnpi"/>
  <File Type="PL-CLEAR-RCDO-FILE" Name="top_pld_clear.rcdo"/>
  <File Type="PL_MARKER_RCDO_FILE" Name="top_pld_markers.rcdo"/>
  <File Type="PL_MASK_RCDO_FILE" Name="top_pld_mask.rcdo"/>
  <File Type="PL_UNMASK_MARKER_RCDO_FILE" Name="top_pld_unmask_markers.rcdo"/>
  <File Type="PL_UNMASK_RCDO_FILE" Name="top_pld_unmask.rcdo"/>
  <FileSet Name="sources" Type="DesignSrcs" RelSrcDir="$PSRCDIR/sources_1" RelGenDir="$PGENDIR/sources_1">
    <Filter Type="Srcs"/>
    <File Path="$PSRCDIR/sources_1/imports/hdl/bcd_counter.v">
      <FileInfo>
        <Attr Name="ImportPath" Val="D:/PrjMig-Vitis_2024.1/repos/basys-3/hw/src/hdl/bcd_counter.v"/>
        <Attr Name="ImportTime" Val="1755168379"/>
        <Attr Name="UsedIn" Val="synthesis"/>
        <Attr Name="UsedIn" Val="implementation"/>
        <Attr Name="UsedIn" Val="simulation"/>
      </FileInfo>
    </File>
    <File Path="$PSRCDIR/sources_1/imports/hdl/counter.v">
      <FileInfo>
        <Attr Name="ImportPath" Val="D:/PrjMig-Vitis_2024.1/repos/basys-3/hw/src/hdl/counter.v"/>
        <Attr Name="ImportTime" Val="1755168379"/>
        <Attr Name="UsedIn" Val="synthesis"/>
        <Attr Name="UsedIn" Val="implementation"/>
        <Attr Name="UsedIn" Val="simulation"/>
      </FileInfo>
    </File>
    <File Path="$PSRCDIR/sources_1/imports/hdl/debouncer.v">
      <FileInfo>
        <Attr Name="ImportPath" Val="D:/PrjMig-Vitis_2024.1/repos/basys-3/hw/src/hdl/debouncer.v"/>
        <Attr Name="ImportTime" Val="1755168379"/>
        <Attr Name="UsedIn" Val="synthesis"/>
        <Attr Name="UsedIn" Val="implementation"/>
        <Attr Name="UsedIn" Val="simulation"/>
      </FileInfo>
    </File>
    <File Path="$PSRCDIR/sources_1/imports/hdl/seven_segment_decoder.v">
      <FileInfo>
        <Attr Name="ImportPath" Val="D:/PrjMig-Vitis_2024.1/repos/basys-3/hw/src/hdl/seven_segment_decoder.v"/>
        <Attr Name="ImportTime" Val="1755168379"/>
        <Attr Name="UsedIn" Val="synthesis"/>
        <Attr Name="UsedIn" Val="implementation"/>
        <Attr Name="UsedIn" Val="simulation"/>
      </FileInfo>
    </File>
    <File Path="$PSRCDIR/sources_1/imports/hdl/updown_counter.v">
      <FileInfo>
        <Attr Name="ImportPath" Val="D:/PrjMig-Vitis_2024.1/repos/basys-3/hw/src/hdl/updown_counter.v"/>
        <Attr Name="ImportTime" Val="1755168379"/>
        <Attr Name="UsedIn" Val="synthesis"/>
        <Attr Name="UsedIn" Val="implementation"/>
        <Attr Name="UsedIn" Val="simulation"/>
      </FileInfo>
    </File>
    <File Path="$PSRCDIR/sources_1/imports/hdl/timer_fsm_sv.sv">
      <FileInfo>
        <Attr Name="ImportPath" Val="D:/PrjMig-Vitis_2024.1/repos/basys-3/hw/src/hdl/timer_fsm_sv.sv"/>
        <Attr Name="ImportTime" Val="1755168379"/>
        <Attr Name="UsedIn" Val="synthesis"/>
        <Attr Name="UsedIn" Val="implementation"/>
        <Attr Name="UsedIn" Val="simulation"/>
      </FileInfo>
    </File>
    <File Path="$PSRCDIR/sources_1/imports/hdl/top.v">
      <FileInfo>
        <Attr Name="ImportPath" Val="D:/PrjMig-Vitis_2024.1/repos/basys-3/hw/src/hdl/top.v"/>
        <Attr Name="ImportTime" Val="1755168379"/>
        <Attr Name="UsedIn" Val="synthesis"/>
        <Attr Name="UsedIn" Val="implementation"/>
        <Attr Name="UsedIn" Val="simulation"/>
      </FileInfo>
    </File>
    <Config>
      <Option Name="DesignMode" Val="RTL"/>
      <Option Name="TopModule" Val="top"/>
      <Option Name="TopAutoSet" Val="TRUE"/>
    </Config>
  </FileSet>
  <FileSet Name="constrs_in" Type="Constrs" RelSrcDir="$PSRCDIR/constrs_1" RelGenDir="$PGENDIR/constrs_1">
    <Filter Type="Constrs"/>
    <File Path="$PSRCDIR/constrs_1/imports/constraints/Basys-3-Master.xdc">
      <FileInfo>
        <Attr Name="ImportPath" Val="D:/PrjMig-Vitis_2024.1/repos/basys-3/hw/src/constraints/Basys-3-Master.xdc"/>
        <Attr Name="ImportTime" Val="1755168379"/>
        <Attr Name="UsedIn" Val="synthesis"/>
        <Attr Name="UsedIn" Val="implementation"/>
      </FileInfo>
    </File>
    <Config>
      <Option Name="ConstrsType" Val="XDC"/>
    </Config>
  </FileSet>
  <FileSet Name="utils" Type="Utils" RelSrcDir="$PSRCDIR/utils_1" RelGenDir="$PGENDIR/utils_1">
    <Filter Type="Utils"/>
    <Config>
      <Option Name="TopAutoSet" Val="TRUE"/>
    </Config>
  </FileSet>
  <Strategy Version="1" Minor="2">
    <StratHandle Name="Vivado Implementation Defaults" Flow="Vivado Implementation 2025"/>
    <Step Id="init_design"/>
    <Step Id="opt_design"/>
    <Step Id="power_opt_design"/>
    <Step Id="place_design"/>
    <Step Id="post_place_power_opt_design"/>
    <Step Id="phys_opt_design"/>
    <Step Id="route_design"/>
    <Step Id="post_route_phys_opt_design"/>
    <Step Id="write_bitstream"/>
    <Step Id="write_device_image"/>
  </Strategy>
</GenRun>
