<?xml version="1.0" encoding="UTF-8"?>
<GenRun Id="synth_1" LaunchPart="xc7a35tcpg236-1" LaunchTime="1755168873">
  <File Type="REPORTS-TCL" Name="top_reports.tcl"/>
  <File Type="RDS-UTIL" Name="top_utilization_synth.rpt"/>
  <File Type="RDS-UTIL-PB" Name="top_utilization_synth.pb"/>
  <File Type="PA-TCL" Name="top.tcl"/>
  <File Type="RDS-RDS" Name="top.vds"/>
  <File Type="RDS-DCP" Name="top.dcp"/>
  <FileSet Name="sources" Type="DesignSrcs" RelSrcDir="$PSRCDIR/sources_1" RelGenDir="$PGENDIR/sources_1">
    <Filter Type="Srcs"/>
    <File Path="$PSRCDIR/sources_1/imports/hdl/bcd_counter.v">
      <FileInfo>
        <Attr Name="ImportPath" Val="D:/PrjMig-Vitis_2024.1/repos/basys-3/hw/src/hdl/bcd_counter.v"/>
        <Attr Name="ImportTime" Val="1755168379"/>
        <Attr Name="UsedIn" Val="synthesis"/>
        <Attr Name="UsedIn" Val="implementation"/>
        <Attr Name="UsedIn" Val="simulation"/>
      </FileInfo>
    </File>
    <File Path="$PSRCDIR/sources_1/imports/hdl/counter.v">
      <FileInfo>
        <Attr Name="ImportPath" Val="D:/PrjMig-Vitis_2024.1/repos/basys-3/hw/src/hdl/counter.v"/>
        <Attr Name="ImportTime" Val="1755168379"/>
        <Attr Name="UsedIn" Val="synthesis"/>
        <Attr Name="UsedIn" Val="implementation"/>
        <Attr Name="UsedIn" Val="simulation"/>
      </FileInfo>
    </File>
    <File Path="$PSRCDIR/sources_1/imports/hdl/debouncer.v">
      <FileInfo>
        <Attr Name="ImportPath" Val="D:/PrjMig-Vitis_2024.1/repos/basys-3/hw/src/hdl/debouncer.v"/>
        <Attr Name="ImportTime" Val="1755168379"/>
        <Attr Name="UsedIn" Val="synthesis"/>
        <Attr Name="UsedIn" Val="implementation"/>
        <Attr Name="UsedIn" Val="simulation"/>
      </FileInfo>
    </File>
    <File Path="$PSRCDIR/sources_1/imports/hdl/seven_segment_decoder.v">
      <FileInfo>
        <Attr Name="ImportPath" Val="D:/PrjMig-Vitis_2024.1/repos/basys-3/hw/src/hdl/seven_segment_decoder.v"/>
        <Attr Name="ImportTime" Val="1755168379"/>
        <Attr Name="UsedIn" Val="synthesis"/>
        <Attr Name="UsedIn" Val="implementation"/>
        <Attr Name="UsedIn" Val="simulation"/>
      </FileInfo>
    </File>
    <File Path="$PSRCDIR/sources_1/imports/hdl/updown_counter.v">
      <FileInfo>
        <Attr Name="ImportPath" Val="D:/PrjMig-Vitis_2024.1/repos/basys-3/hw/src/hdl/updown_counter.v"/>
        <Attr Name="ImportTime" Val="1755168379"/>
        <Attr Name="UsedIn" Val="synthesis"/>
        <Attr Name="UsedIn" Val="implementation"/>
        <Attr Name="UsedIn" Val="simulation"/>
      </FileInfo>
    </File>
    <File Path="$PSRCDIR/sources_1/imports/hdl/timer_fsm_sv.sv">
      <FileInfo>
        <Attr Name="ImportPath" Val="D:/PrjMig-Vitis_2024.1/repos/basys-3/hw/src/hdl/timer_fsm_sv.sv"/>
        <Attr Name="ImportTime" Val="1755168379"/>
        <Attr Name="UsedIn" Val="synthesis"/>
        <Attr Name="UsedIn" Val="implementation"/>
        <Attr Name="UsedIn" Val="simulation"/>
      </FileInfo>
    </File>
    <File Path="$PSRCDIR/sources_1/imports/hdl/top.v">
      <FileInfo>
        <Attr Name="ImportPath" Val="D:/PrjMig-Vitis_2024.1/repos/basys-3/hw/src/hdl/top.v"/>
        <Attr Name="ImportTime" Val="1755168379"/>
        <Attr Name="UsedIn" Val="synthesis"/>
        <Attr Name="UsedIn" Val="implementation"/>
        <Attr Name="UsedIn" Val="simulation"/>
      </FileInfo>
    </File>
    <Config>
      <Option Name="DesignMode" Val="RTL"/>
      <Option Name="TopModule" Val="top"/>
      <Option Name="TopAutoSet" Val="TRUE"/>
    </Config>
  </FileSet>
  <FileSet Name="constrs_in" Type="Constrs" RelSrcDir="$PSRCDIR/constrs_1" RelGenDir="$PGENDIR/constrs_1">
    <Filter Type="Constrs"/>
    <File Path="$PSRCDIR/constrs_1/imports/constraints/Basys-3-Master.xdc">
      <FileInfo>
        <Attr Name="ImportPath" Val="D:/PrjMig-Vitis_2024.1/repos/basys-3/hw/src/constraints/Basys-3-Master.xdc"/>
        <Attr Name="ImportTime" Val="1755168379"/>
        <Attr Name="UsedIn" Val="synthesis"/>
        <Attr Name="UsedIn" Val="implementation"/>
      </FileInfo>
    </File>
    <Config>
      <Option Name="ConstrsType" Val="XDC"/>
    </Config>
  </FileSet>
  <FileSet Name="utils" Type="Utils" RelSrcDir="$PSRCDIR/utils_1" RelGenDir="$PGENDIR/utils_1">
    <Filter Type="Utils"/>
    <Config>
      <Option Name="TopAutoSet" Val="TRUE"/>
    </Config>
  </FileSet>
  <Strategy Version="1" Minor="2">
    <StratHandle Name="Vivado Synthesis Defaults" Flow="Vivado Synthesis 2025"/>
    <Step Id="synth_design"/>
  </Strategy>
</GenRun>
