<?xml version="1.0" encoding="UTF-8"?>
<GenRun Id="impl_1" LaunchPart="xc7a35tcpg236-1" LaunchTime="1751468708">
  <File Type="REPORTS-TCL" Name="GPIO_demo_reports.tcl"/>
  <File Type="ROUTE-PWR-SUM" Name="GPIO_demo_power_summary_routed.pb"/>
  <File Type="BITSTR-MMI" Name="GPIO_demo.mmi"/>
  <File Type="OPT-DRC" Name="GPIO_demo_drc_opted.rpt"/>
  <File Type="BG-DRC" Name="GPIO_demo.drc"/>
  <File Type="ROUTE-STATUS-PB" Name="GPIO_demo_route_status.pb"/>
  <File Type="BG-BGN" Name="GPIO_demo.bgn"/>
  <File Type="PLACE-UTIL" Name="GPIO_demo_utilization_placed.rpt"/>
  <File Type="PLACE-UTIL-PB" Name="GPIO_demo_utilization_placed.pb"/>
  <File Type="PLACE-IO" Name="GPIO_demo_io_placed.rpt"/>
  <File Type="BG-BIN" Name="GPIO_demo.bin"/>
  <File Type="PLACE-CTRL" Name="GPIO_demo_control_sets_placed.rpt"/>
  <File Type="ROUTE-PWR-RPX" Name="GPIO_demo_power_routed.rpx"/>
  <File Type="BITSTR-MSK" Name="GPIO_demo.msk"/>
  <File Type="BITSTR-RBT" Name="GPIO_demo.rbt"/>
  <File Type="ROUTE-TIMINGSUMMARY" Name="GPIO_demo_timing_summary_routed.rpt"/>
  <File Type="ROUTE-TIMING-RPX" Name="GPIO_demo_timing_summary_routed.rpx"/>
  <File Type="ROUTE-STATUS" Name="GPIO_demo_route_status.rpt"/>
  <File Type="PA-TCL" Name="GPIO_demo.tcl"/>
  <File Type="ROUTE-PWR" Name="GPIO_demo_power_routed.rpt"/>
  <File Type="ROUTE-DRC" Name="GPIO_demo_drc_routed.rpt"/>
  <File Type="ROUTE-DRC-RPX" Name="GPIO_demo_drc_routed.rpx"/>
  <File Type="ROUTE-DRC-PB" Name="GPIO_demo_drc_routed.pb"/>
  <File Type="BITSTR-SYSDEF" Name="GPIO_demo.sysdef"/>
  <File Type="ROUTE-METHODOLOGY-DRC" Name="GPIO_demo_methodology_drc_routed.rpt"/>
  <File Type="ROUTE-METHODOLOGY-DRC-RPX" Name="GPIO_demo_methodology_drc_routed.rpx"/>
  <File Type="BITSTR-LTX" Name="debug_nets.ltx"/>
  <File Type="BITSTR-LTX" Name="GPIO_demo.ltx"/>
  <File Type="ROUTE-METHODOLOGY-DRC-PB" Name="GPIO_demo_methodology_drc_routed.pb"/>
  <File Type="ROUTE-SIMILARITY" Name="GPIO_demo_incremental_reuse_routed.rpt"/>
  <File Type="RDI-RDI" Name="GPIO_demo.vdi"/>
  <File Type="ROUTE-CLK" Name="GPIO_demo_clock_utilization_routed.rpt"/>
  <File Type="ROUTE-BUS-SKEW" Name="GPIO_demo_bus_skew_routed.rpt"/>
  <File Type="ROUTE-BUS-SKEW-RPX" Name="GPIO_demo_bus_skew_routed.rpx"/>
  <File Type="ROUTE-BUS-SKEW-PB" Name="GPIO_demo_bus_skew_routed.pb"/>
  <File Type="POSTROUTE-PHYSOPT-TIMING" Name="GPIO_demo_timing_summary_postroute_physopted.rpt"/>
  <File Type="POSTROUTE-PHYSOPT-TIMING-RPX" Name="GPIO_demo_timing_summary_postroute_physopted.rpx"/>
  <File Type="POSTROUTE-PHYSOPT-TIMING-PB" Name="GPIO_demo_timing_summary_postroute_physopted.pb"/>
  <File Type="POSTROUTE-PHYSOPT-BUS-SKEW" Name="GPIO_demo_bus_skew_postroute_physopted.rpt"/>
  <File Type="POSTROUTE-PHYSOPT-BUS-SKEW-RPX" Name="GPIO_demo_bus_skew_postroute_physopted.rpx"/>
  <File Type="BG-BIT" Name="GPIO_demo.bit"/>
  <File Type="POSTROUTE-PHYSOPT-BUS-SKEW-PB" Name="GPIO_demo_bus_skew_postroute_physopted.pb"/>
  <File Type="BITSTR-NKY" Name="GPIO_demo.nky"/>
  <File Type="BITSTR-BMM" Name="GPIO_demo_bd.bmm"/>
  <File Type="WBT-USG" Name="usage_statistics_webtalk.html"/>
  <File Type="OPT-HWDEF" Name="GPIO_demo.hwdef"/>
  <File Type="PLACE-PRE-SIMILARITY" Name="GPIO_demo_incremental_reuse_pre_placed.rpt"/>
  <File Type="ROUTE-DCP" Name="GPIO_demo_routed.dcp"/>
  <File Type="ROUTE-ERROR-DCP" Name="GPIO_demo_routed_error.dcp"/>
  <File Type="ROUTE-BLACKBOX-DCP" Name="GPIO_demo_routed_bb.dcp"/>
  <File Type="ROUTE-TIMING-PB" Name="GPIO_demo_timing_summary_routed.pb"/>
  <File Type="OPT-DCP" Name="GPIO_demo_opt.dcp"/>
  <File Type="PLACE-DCP" Name="GPIO_demo_placed.dcp"/>
  <File Type="PWROPT-DCP" Name="GPIO_demo_pwropt.dcp"/>
  <File Type="POSTPLACE-PWROPT-DCP" Name="GPIO_demo_postplace_pwropt.dcp"/>
  <File Type="PHYSOPT-DCP" Name="GPIO_demo_physopt.dcp"/>
  <File Type="POSTROUTE-PHYSOPT-DCP" Name="GPIO_demo_postroute_physopt.dcp"/>
  <File Type="POSTROUTE-PHYSOPT-BLACKBOX-DCP" Name="GPIO_demo_postroute_physopt_bb.dcp"/>
  <File Type="PDI-FILE" Name="GPIO_demo.pdi"/>
  <File Type="BOOT-PDI-FILE" Name="GPIO_demo_boot.pdi"/>
  <File Type="PL-PDI-FILE" Name="GPIO_demo_pld.pdi"/>
  <File Type="RCFI_FILE" Name="GPIO_demo.rcfi"/>
  <File Type="CFI_FILE" Name="GPIO_demo.cfi"/>
  <File Type="RNPI_FILE" Name="GPIO_demo.rnpi"/>
  <File Type="NPI_FILE" Name="GPIO_demo.npi"/>
  <File Type="RBD_FILE" Name="GPIO_demo.rbd"/>
  <File Type="ROUTE-RQS" Name="GPIO_demo_routed.rqs"/>
  <File Type="POSTROUTE-PHYSOPT-RQS" Name="GPIO_demo_postroute_physopted.rqs"/>
  <File Type="ROUTE-RQS-RPT" Name="route_report_qor_suggestions_0.rpt"/>
  <File Type="POSTROUTE-PHYSOPT-RQS-RPT" Name="postroute_physopt_report_qor_suggestions_0.rpt"/>
  <File Type="MMI-FILE" Name="GPIO_demo.mmi"/>
  <File Type="BIF-FILE" Name="GPIO_demo.bif"/>
  <File Type="BOOT-BIF-FILE" Name="GPIO_demo_boot.bif"/>
  <File Type="PL-BIF-FILE" Name="GPIO_demo_pld.bif"/>
  <File Type="LTX-FILE" Name="GPIO_demo.ltx"/>
  <File Type="BOOT-LTX-FILE" Name="GPIO_demo_boot.ltx"/>
  <File Type="PL-LTX-FILE" Name="GPIO_demo_pld.ltx"/>
  <File Type="RCDO-FILE" Name="GPIO_demo.rcdo"/>
  <File Type="MARKER-RCDO-FILE" Name="GPIO_demo_markers.rcdo"/>
  <File Type="PL-RCDO-FILE" Name="GPIO_demo_pld.rcdo"/>
  <File Type="MARKER-RNPI-FILE" Name="GPIO_demo_markers.rnpi"/>
  <File Type="BOOT_RNPI_FILE" Name="GPIO_demo_boot.rnpi"/>
  <File Type="PL_RNPI_FILE" Name="GPIO_demo_pld.rnpi"/>
  <File Type="BOOT_MARKER_RNPI_FILE" Name="GPIO_demo_boot_markers.rnpi"/>
  <File Type="PL_MARKER_RNPI_FILE" Name="GPIO_demo_pld_markers.rnpi"/>
  <File Type="PL_MASK_RNPI_FILE" Name="GPIO_demo_pld_mask.rnpi"/>
  <File Type="PL_SHUTDOWN_RNPI_FILE" Name="GPIO_demo_pld_shutdown.rnpi"/>
  <File Type="PL_UNMASK_RNPI_FILE" Name="GPIO_demo_pld_unmask.rnpi"/>
  <File Type="PL-CLEAR-RCDO-FILE" Name="GPIO_demo_pld_clear.rcdo"/>
  <File Type="PL_MARKER_RCDO_FILE" Name="GPIO_demo_pld_markers.rcdo"/>
  <File Type="PL_MASK_RCDO_FILE" Name="GPIO_demo_pld_mask.rcdo"/>
  <File Type="PL_UNMASK_MARKER_RCDO_FILE" Name="GPIO_demo_pld_unmask_markers.rcdo"/>
  <File Type="PL_UNMASK_RCDO_FILE" Name="GPIO_demo_pld_unmask.rcdo"/>
  <FileSet Name="sources" Type="DesignSrcs" RelSrcDir="$PSRCDIR/sources_1" RelGenDir="$PGENDIR/sources_1">
    <Filter Type="Srcs"/>
    <File Path="$PSRCDIR/sources_1/imports/hdl/MouseCtl.vhd">
      <FileInfo>
        <Attr Name="ImportPath" Val="$PPRDIR/../../../../../src/hdl/MouseCtl.vhd"/>
        <Attr Name="ImportTime" Val="1751467627"/>
        <Attr Name="UsedIn" Val="synthesis"/>
        <Attr Name="UsedIn" Val="simulation"/>
      </FileInfo>
    </File>
    <File Path="$PSRCDIR/sources_1/imports/hdl/MouseDisplay.vhd">
      <FileInfo>
        <Attr Name="ImportPath" Val="$PPRDIR/../../../../../src/hdl/MouseDisplay.vhd"/>
        <Attr Name="ImportTime" Val="1751467627"/>
        <Attr Name="UsedIn" Val="synthesis"/>
        <Attr Name="UsedIn" Val="simulation"/>
      </FileInfo>
    </File>
    <File Path="$PSRCDIR/sources_1/imports/hdl/Ps2Interface.vhd">
      <FileInfo>
        <Attr Name="ImportPath" Val="$PPRDIR/../../../../../src/hdl/Ps2Interface.vhd"/>
        <Attr Name="ImportTime" Val="1751467627"/>
        <Attr Name="UsedIn" Val="synthesis"/>
        <Attr Name="UsedIn" Val="simulation"/>
      </FileInfo>
    </File>
    <File Path="$PSRCDIR/sources_1/imports/hdl/UART_TX_CTRL.vhd">
      <FileInfo>
        <Attr Name="ImportPath" Val="$PPRDIR/../../../../../src/hdl/UART_TX_CTRL.vhd"/>
        <Attr Name="ImportTime" Val="1751467627"/>
        <Attr Name="UsedIn" Val="synthesis"/>
        <Attr Name="UsedIn" Val="simulation"/>
      </FileInfo>
    </File>
    <File Path="$PSRCDIR/sources_1/imports/hdl/clk_wiz_0.vhd">
      <FileInfo>
        <Attr Name="ImportPath" Val="$PPRDIR/../../../../../src/hdl/clk_wiz_0.vhd"/>
        <Attr Name="ImportTime" Val="1751467627"/>
        <Attr Name="UsedIn" Val="synthesis"/>
        <Attr Name="UsedIn" Val="simulation"/>
      </FileInfo>
    </File>
    <File Path="$PSRCDIR/sources_1/imports/hdl/clk_wiz_0_clk_wiz.vhd">
      <FileInfo>
        <Attr Name="ImportPath" Val="$PPRDIR/../../../../../src/hdl/clk_wiz_0_clk_wiz.vhd"/>
        <Attr Name="ImportTime" Val="1751467627"/>
        <Attr Name="UsedIn" Val="synthesis"/>
        <Attr Name="UsedIn" Val="simulation"/>
      </FileInfo>
    </File>
    <File Path="$PSRCDIR/sources_1/imports/hdl/debouncer.vhd">
      <FileInfo>
        <Attr Name="ImportPath" Val="$PPRDIR/../../../../../src/hdl/debouncer.vhd"/>
        <Attr Name="ImportTime" Val="1751467627"/>
        <Attr Name="UsedIn" Val="synthesis"/>
        <Attr Name="UsedIn" Val="simulation"/>
      </FileInfo>
    </File>
    <File Path="$PSRCDIR/sources_1/imports/hdl/vga_ctrl.vhd">
      <FileInfo>
        <Attr Name="ImportPath" Val="$PPRDIR/../../../../../src/hdl/vga_ctrl.vhd"/>
        <Attr Name="ImportTime" Val="1751467627"/>
        <Attr Name="UsedIn" Val="synthesis"/>
        <Attr Name="UsedIn" Val="simulation"/>
      </FileInfo>
    </File>
    <File Path="$PSRCDIR/sources_1/imports/hdl/GPIO_Demo.vhd">
      <FileInfo>
        <Attr Name="ImportPath" Val="$PPRDIR/../../../../../src/hdl/GPIO_Demo.vhd"/>
        <Attr Name="ImportTime" Val="1751467627"/>
        <Attr Name="UsedIn" Val="synthesis"/>
        <Attr Name="UsedIn" Val="simulation"/>
      </FileInfo>
    </File>
    <Config>
      <Option Name="DesignMode" Val="RTL"/>
      <Option Name="TopModule" Val="GPIO_demo"/>
      <Option Name="TopAutoSet" Val="TRUE"/>
    </Config>
  </FileSet>
  <FileSet Name="constrs_in" Type="Constrs" RelSrcDir="$PSRCDIR/constrs_1" RelGenDir="$PGENDIR/constrs_1">
    <Filter Type="Constrs"/>
    <File Path="$PSRCDIR/constrs_1/imports/constraints/Basys3_Master.xdc">
      <FileInfo>
        <Attr Name="ImportPath" Val="$PPRDIR/../../../../../src/constraints/Basys3_Master.xdc"/>
        <Attr Name="ImportTime" Val="1751467627"/>
        <Attr Name="UsedIn" Val="synthesis"/>
        <Attr Name="UsedIn" Val="implementation"/>
      </FileInfo>
    </File>
    <Config>
      <Option Name="ConstrsType" Val="XDC"/>
    </Config>
  </FileSet>
  <FileSet Name="utils" Type="Utils" RelSrcDir="$PSRCDIR/utils_1" RelGenDir="$PGENDIR/utils_1">
    <Filter Type="Utils"/>
    <Config>
      <Option Name="TopAutoSet" Val="TRUE"/>
    </Config>
  </FileSet>
  <Strategy Version="1" Minor="2">
    <StratHandle Name="Vivado Implementation Defaults" Flow="Vivado Implementation 2025"/>
    <Step Id="init_design"/>
    <Step Id="opt_design"/>
    <Step Id="power_opt_design"/>
    <Step Id="place_design"/>
    <Step Id="post_place_power_opt_design"/>
    <Step Id="phys_opt_design"/>
    <Step Id="route_design"/>
    <Step Id="post_route_phys_opt_design"/>
    <Step Id="write_bitstream"/>
    <Step Id="write_device_image"/>
  </Strategy>
</GenRun>
